Task,Train Length,Test Length,Positional Encoding,Seed,Layer,Attention_Entropy_Mean,Attention_Entropy_Std,Attention_Entropy_SE,Normalised_Entropy_Mean,Normalised_Entropy_Std,Normalised_Entropy_SE,Average_Distance_Mean,Average_Distance_Std,Average_Distance_SE,Local_Ratio_Mean,Local_Ratio_Std,Local_Ratio_SE,Task Label,Encoding Label
addition,16,16,learned,42,0,0.25502641499042505,0.008638461733365797,0.003863237531367305,0.07293746989166056,0.002470597183477191,0.001104884649454906,11.787435531616211,0.02536496628604126,0.011343557772515726,0.3991997957229614,0.0028756828188043967,0.0012860444529149808,Addition,Learned
addition,16,16,learned,42,1,0.8393855214118957,0.04402718819057618,0.01968955713046086,0.24006398003036108,0.012591761183582472,0.0056312067925867225,9.277508735656738,0.13460788485068229,0.06019847616671797,0.5929645538330078,0.008192907222789201,0.003663979496701132,Addition,Learned
addition,16,16,sinusoidal,42,0,1.087616753578186,0.008474257304227871,0.003789803078215529,0.31105802989369924,0.0024236347713413107,0.0010838824202702706,12.014255332946778,0.0458929103542628,0.020523933447487045,0.3770770967006683,0.0031685400642976584,0.0014170141946402346,Addition,Sinusoidal
addition,16,16,sinusoidal,42,1,1.3256869316101074,0.03595666504639953,0.016080309457588,0.37914602165313127,0.010283594247775283,0.004598963158210271,7.322114086151123,0.08833129369935044,0.03950295545044923,0.6913140892982483,0.005807385396007114,0.0025971417034022807,Addition,Sinusoidal
addition,16,32,learned,42,0,0.8055136442184448,0.005882629838242966,0.0026307920409559694,0.19296571979019644,0.001409219954426987,0.000630222322669579,23.981442260742188,0.10084743419833749,0.04510034364478383,0.21823688447475434,0.0018418805902098787,0.0008237140412293474,Addition,Learned
addition,16,32,learned,42,1,1.5178039073944092,0.06528751772835507,0.029197465544564916,0.3635992085210521,0.01564002415376935,0.0069944314355133794,19.00819625854492,0.2280713771577818,0.10199662060935853,0.34269111752510073,0.006575489888568821,0.0029406484752404786,Addition,Learned
addition,16,32,sinusoidal,42,0,1.8520851135253906,0.006873698325237844,0.0030740113424116682,0.44367831582901845,0.0016466364716107797,0.0007363982169504197,22.473701858520506,0.09397643083659668,0.042027537526687364,0.22891346216201777,0.002425825905900221,0.0010848623254345769,Addition,Sinusoidal
addition,16,32,sinusoidal,42,1,2.111969566345215,0.052900993585018825,0.023658043546676454,0.5059352258895748,0.012672756542384988,0.005667429018215623,15.832462501525878,0.20242963380876697,0.09052928437135858,0.49071255326271057,0.009098971598074651,0.004069183803726958,Addition,Sinusoidal
addition,16,1024,learned,42,0,4.190394020080566,0.031320795132731956,0.01400708540522665,0.5495521490538506,0.004107587542552215,0.0018369689937356125,770.7340576171875,2.700301472955128,1.2076115306540987,0.01031957175582642,0.0001202246967781646,5.3766118914055184e-05,Addition,Learned
addition,16,1024,learned,42,1,4.871356391906739,0.05239434217076332,0.023431462146042137,0.6388574346829776,0.006871292580178975,0.0030729354605140077,684.0770751953125,4.443352076430143,1.987127458172528,0.01293736621737474,8.255490447632341e-05,3.691967565701194e-05,Addition,Learned
addition,16,1024,sinusoidal,42,0,4.346248817443848,0.009093870867697456,0.004066902687755313,0.5699918352554115,0.0011926220433240526,0.0005333567920674557,726.8177368164063,1.0055310420841534,0.44968715271727594,0.008874106593430001,6.243638014754045e-05,2.792239805578357e-05,Addition,Sinusoidal
addition,16,1024,sinusoidal,42,1,4.621968460083008,0.021431750470332776,0.009584570185695468,0.6061512802676485,0.0028106818768157157,0.0012569751479373245,706.6430297851563,1.8189929169887307,0.8134783625954887,0.01440490055829284,0.0001456889536338654,6.515408077922767e-05,Addition,Sinusoidal
copy,128,128,rope,42,0,5.521244239807129,0.001187214195150364,0.0005309383288418226,0.9949844181874077,0.0002139480837867534,9.568049180060254e-05,85.08561553955079,0.09607023044228045,0.04296391317660115,0.08094447255134578,0.0005280540711448798,0.00023615295977509273,Delayed Copy,RoPE
copy,128,128,rope,42,1,1.1885698556900024,0.025108212989055363,0.011228734207414194,0.21419238761662163,0.004524755581816739,0.0020235322125027673,104.92581787109376,0.8215097740808753,0.36739033980506614,0.05789214894175524,0.0036422780358229493,0.001628876256210906,Delayed Copy,RoPE
copy,128,128,sinusoidal,42,0,2.529910135269165,0.05126884449905484,0.022928124285550563,0.4559155608184341,0.009239167694710544,0.004131881404178562,84.373583984375,1.678236667224885,0.7505302540495071,0.0854472935199737,0.002335056223150052,0.001044268889249487,Delayed Copy,Sinusoidal
copy,128,128,sinusoidal,42,1,4.626887321472168,0.16142148849528853,0.07218988426093312,0.8338121969649539,0.0290897954949083,0.013009352035636445,89.73137664794922,3.3618513264172183,1.5034656192233458,0.06498876139521595,0.0026488708704276833,0.0011846110659790667,Delayed Copy,Sinusoidal
copy,128,256,rope,42,0,6.213118267059326,0.0005957637688758343,0.0002664336571475705,0.9956480164042011,9.547074258541874e-05,4.269581405667317e-05,169.59295654296875,0.09274483227178172,0.041476749904304035,0.04098320901393886,7.451436128706815e-05,3.332383542757173e-05,Delayed Copy,RoPE
copy,128,256,rope,42,1,0.991947865486145,0.028986245516536096,0.012963043077494645,0.1589589771506326,0.00464502631545816,0.0020773189197279642,158.05140991210936,0.6332672525337731,0.283205724918007,0.012540476955473358,0.0002729701567381435,0.00012207596525905213,Delayed Copy,RoPE
copy,128,256,sinusoidal,42,0,3.3936667442321777,0.034840092116992114,0.01558096286318978,0.5438328093875004,0.00558310128933712,0.002496838801644894,181.5774383544922,2.5576499390070824,1.1438158252536064,0.03393856212496754,0.0015122040615068132,0.0006762782154761016,Delayed Copy,Sinusoidal
copy,128,256,sinusoidal,42,1,4.427415943145752,0.3051988550995174,0.13648907733152585,0.7094904220575513,0.0489079109116154,0.021872282687175146,202.69552307128907,7.086164633087322,3.1690291638676182,0.02926619984209534,0.0009720395256385238,0.0004347092912288774,Delayed Copy,Sinusoidal
copy,128,1024,rope,42,0,7.599882698059082,0.0002557444429197418,0.00011437239184729678,0.9966919218721216,3.3539783500452694e-05,1.4999447171517058e-05,676.7963012695312,0.1957710395732126,0.0875514705023043,0.010321784950792761,1.9177528081098645e-05,8.576451285949583e-06,Delayed Copy,RoPE
copy,128,1024,rope,42,1,2.1328583717346192,0.00711008296677929,0.0031797257678763805,0.2797152000975128,0.0009324567941870219,0.0004170073555767366,1094.59501953125,2.8859880185830193,1.2906530783603136,0.00035192653886036,1.1694265070300746e-05,5.2298343288187805e-06,Delayed Copy,RoPE
copy,128,1024,sinusoidal,42,0,4.29624490737915,0.04517652329386391,0.020203555414436497,0.5634340375625297,0.005924706684849407,0.002649609378814136,877.7892700195313,2.1243083953881867,0.9500195954522914,0.00583930555731052,0.0002925676889622515,0.00013084024810792175,Delayed Copy,Sinusoidal
copy,128,1024,sinusoidal,42,1,5.313875198364258,0.14593073865918715,0.06526221032973979,0.6968918724757269,0.01913818859488312,0.008558858132873956,652.6535400390625,5.782371661977021,2.585955221469811,0.00780611867085094,0.0003003699975566572,0.00013432954658762608,Delayed Copy,Sinusoidal
reverse,128,128,learned,42,0,0.4115235090255737,0.02485296161611877,0.01111458232316691,0.08481470366863139,0.005122177782139748,0.002290707542740716,62.70691909790039,0.045039501122782835,0.020142277236643965,0.08139070570468898,0.0012679123567095377,0.000567027643822898,Reverse,Learned
reverse,128,128,learned,42,1,4.817373275756836,0.0005272151284973925,0.0002357777732172912,0.9928572192922012,0.00010865866448067627,4.859363202460922e-05,42.681967163085936,0.02367862726486891,0.010589404035625636,0.1570478796958923,0.0006318796009424118,0.0002825851482605368,Reverse,Learned
reverse,128,256,learned,42,0,2.5951282501220705,0.014174489941300654,0.006339024611027035,0.4679973321152455,0.0025561832931806235,0.0011431599213002292,82.66273803710938,0.17908447682286305,0.0800890127781813,0.06585687994956965,0.0008930395699867533,0.0003993794370175118,Reverse,Learned
reverse,128,256,learned,42,1,5.5146442413330075,0.0036780509788425287,0.0016448744026803484,0.9944937374047512,0.0006632882384141194,0.0002966315179540126,85.93942565917969,0.29615327932894026,0.1324437728677983,0.0791943341493606,0.0006699646160670422,0.000299617284809091,Reverse,Learned
reverse,128,1024,learned,42,0,5.7081419944763185,0.010197125667373906,0.0045602932334712016,0.8235108148121022,0.0014711342631642072,0.0006579112432928565,318.62782592773436,0.24067257307936402,0.10763204674504781,0.02472713999450204,0.0003536157672352025,0.00015814177869073086,Reverse,Learned
reverse,128,1024,learned,42,1,6.911775779724121,0.0033287196620240813,0.001488648688465205,0.9971584641144438,0.0004802327348911618,0.0002147666080474441,344.4604187011719,1.3660358776252521,0.6109098164147312,0.020081198588013622,0.00012026508601587137,5.378418153026957e-05,Reverse,Learned
